timestamp,datetime,brightness,noise_level,motion_level,emotion,valence,arousal,typing_speed,focus_level,productivity_score,wellbeing_score,mood_score,environment_score
1745479782.66146,2025-04-24 15:29:42.661462,0.0,0.0,0.0,neutral,0.0,0.0,0.0,0.5,0.35,0.3,0.0,0.4
1745479783.667205,2025-04-24 15:29:43.667217,0.0,0.0,0.0,neutral,0.0,0.0,0.0,0.5,0.35,0.3,0.0,0.4
1745479784.675484,2025-04-24 15:29:44.675487,0.0,0.0,0.0,neutral,0.0,0.0,0.0,0.5,0.35,0.3,0.0,0.4
1745479785.679167,2025-04-24 15:29:45.679170,0.0,0.0,0.0,neutral,0.0,0.0,0.0,0.5,0.35,0.3,0.0,0.4
1745479786.684428,2025-04-24 15:29:46.684434,0.0,0.0,0.0,neutral,0.0,0.0,0.0,0.5,0.35,0.3,0.0,0.4
1745479787.690018,2025-04-24 15:29:47.690025,0.0,0.0,0.0,neutral,0.0,0.0,0.0,0.5,0.35,0.3,0.0,0.4
1745479788.693764,2025-04-24 15:29:48.693769,0.0,0.0,0.0,neutral,0.0,0.0,0.0,0.5,0.35,0.3,0.0,0.4
1745479789.697111,2025-04-24 15:29:49.697117,0.0,0.0,0.0,neutral,0.0,0.0,0.0,0.5,0.35,0.3,0.0,0.4
1745479790.702445,2025-04-24 15:29:50.702451,0.0,0.0,0.0,neutral,0.0,0.0,0.0,0.5,0.35,0.3,0.0,0.4
1745479791.708319,2025-04-24 15:29:51.708325,0.0,0.0,0.0,neutral,0.0,0.0,0.0,0.5,0.35,0.3,0.0,0.4
1745479792.711655,2025-04-24 15:29:52.711663,0.0,0.0,0.0,neutral,0.0,0.0,0.0,0.5,0.35,0.3,0.0,0.4
1745479793.715,2025-04-24 15:29:53.715006,0.0,0.0,0.0,neutral,0.0,0.0,0.0,0.5,0.35,0.3,0.0,0.4
1745479794.720855,2025-04-24 15:29:54.720861,0.0,0.0,0.0,neutral,0.0,0.0,0.0,0.5,0.35,0.3,0.0,0.4
1745479795.725966,2025-04-24 15:29:55.725972,0.0,0.0,0.0,neutral,0.0,0.0,0.0,0.5,0.35,0.3,0.0,0.4
1745479796.732293,2025-04-24 15:29:56.732300,0.0,0.0,0.0,neutral,0.0,0.0,0.0,0.5,0.35,0.3,0.0,0.4
1745479797.733726,2025-04-24 15:29:57.733733,0.0,0.0,0.0,neutral,0.0,0.0,0.0,0.5,0.35,0.3,0.0,0.4
1745479798.73826,2025-04-24 15:29:58.738266,0.0,0.0,0.0,neutral,0.0,0.0,0.0,0.5,0.35,0.3,0.0,0.4
1745479799.741872,2025-04-24 15:29:59.741879,0.0,0.0,0.0,neutral,0.0,0.0,0.0,0.5,0.35,0.3,0.0,0.4
1745479800.74448,2025-04-24 15:30:00.744487,0.0,0.0,0.0,neutral,0.0,0.0,0.0,0.5,0.35,0.3,0.0,0.4
1745479801.750734,2025-04-24 15:30:01.750741,0.0,0.0,0.0,neutral,0.0,0.0,0.0,0.5,0.35,0.3,0.0,0.4
1745479802.754454,2025-04-24 15:30:02.754462,0.0,0.0,0.0,neutral,0.0,0.0,0.0,0.5,0.35,0.3,0.0,0.4
1745479803.76026,2025-04-24 15:30:03.760266,0.0,0.0,0.0,neutral,0.0,0.0,0.0,0.5,0.35,0.3,0.0,0.4
1745479804.762908,2025-04-24 15:30:04.762914,0.0,0.0,0.0,neutral,0.0,0.0,0.0,0.5,0.35,0.3,0.0,0.4
1745479805.767748,2025-04-24 15:30:05.767755,0.0,0.0,0.0,neutral,0.0,0.0,0.0,0.5,0.35,0.3,0.0,0.4
1745479806.772989,2025-04-24 15:30:06.772996,0.0,0.0,0.0,neutral,0.0,0.0,0.0,0.5,0.35,0.3,0.0,0.4
1745479807.777428,2025-04-24 15:30:07.777439,0.0,0.0,0.0,neutral,0.0,0.0,0.0,0.5,0.35,0.3,0.0,0.4
1745479808.783685,2025-04-24 15:30:08.783692,0.0,0.0,0.0,neutral,0.0,0.0,0.0,0.5,0.35,0.3,0.0,0.4
1745479809.789776,2025-04-24 15:30:09.789783,0.0,0.0,0.0,neutral,0.0,0.0,0.0,0.5,0.35,0.3,0.0,0.4
1745479810.796374,2025-04-24 15:30:10.796385,0.0,0.0,0.0,neutral,0.0,0.0,0.0,0.5,0.35,0.3,0.0,0.4
1745479811.802236,2025-04-24 15:30:11.802243,0.0,0.0,0.0,neutral,0.0,0.0,0.0,0.5,0.35,0.3,0.0,0.4
1745479812.808591,2025-04-24 15:30:12.808598,0.0,0.0,0.0,neutral,0.0,0.0,0.0,0.5,0.35,0.3,0.0,0.4
1745479813.814861,2025-04-24 15:30:13.814869,0.0,0.0,0.0,neutral,0.0,0.0,0.0,0.5,0.35,0.3,0.0,0.4
1745479814.817124,2025-04-24 15:30:14.817132,0.0,0.0,0.0,neutral,0.0,0.0,0.0,0.5,0.35,0.3,0.0,0.4
1745479815.822978,2025-04-24 15:30:15.822984,0.0,0.0,0.0,neutral,0.0,0.0,0.0,0.5,0.35,0.3,0.0,0.4
1745479816.829293,2025-04-24 15:30:16.829299,0.0,0.0,0.0,neutral,0.0,0.0,0.0,0.5,0.35,0.3,0.0,0.4
1745479817.834921,2025-04-24 15:30:17.834928,0.0,0.0,0.0,neutral,0.0,0.0,0.0,0.5,0.35,0.3,0.0,0.4
1745479818.841244,2025-04-24 15:30:18.841251,0.0,0.0,0.0,neutral,0.0,0.0,0.0,0.5,0.35,0.3,0.0,0.4
1745479819.847174,2025-04-24 15:30:19.847179,0.0,0.0,0.0,neutral,0.0,0.0,0.0,0.5,0.35,0.3,0.0,0.4
1745479820.851117,2025-04-24 15:30:20.851125,0.0,0.0,0.0,neutral,0.0,0.0,0.0,0.5,0.35,0.3,0.0,0.4
1745479821.862782,2025-04-24 15:30:21.862797,0.0,0.0,0.0,neutral,0.0,0.0,0.0,0.5,0.35,0.3,0.0,0.4
1745479822.867368,2025-04-24 15:30:22.867376,0.0,0.0,0.0,neutral,0.0,0.0,0.0,0.5,0.35,0.3,0.0,0.4
1745479823.871938,2025-04-24 15:30:23.871944,0.0,0.0,0.0,neutral,0.0,0.0,0.0,0.5,0.35,0.3,0.0,0.4
1745479824.878172,2025-04-24 15:30:24.878179,0.0,0.0,0.0,neutral,0.0,0.0,0.0,0.5,0.35,0.3,0.0,0.4
1745479825.880798,2025-04-24 15:30:25.880806,0.0,0.0,0.0,neutral,0.0,0.0,0.0,0.5,0.35,0.3,0.0,0.4
1745479826.886656,2025-04-24 15:30:26.886662,0.0,0.0,0.0,neutral,0.0,0.0,0.0,0.5,0.35,0.3,0.0,0.4
1745479827.888105,2025-04-24 15:30:27.888112,0.0,0.0,0.0,neutral,0.0,0.0,0.0,0.5,0.35,0.3,0.0,0.4
1745479828.892502,2025-04-24 15:30:28.892508,0.0,0.0,0.0,neutral,0.0,0.0,0.0,0.5,0.35,0.3,0.0,0.4
1745479829.896019,2025-04-24 15:30:29.896025,0.0,0.0,0.0,neutral,0.0,0.0,0.0,0.5,0.35,0.3,0.0,0.4
1745479830.901787,2025-04-24 15:30:30.901793,0.0,0.0,0.0,neutral,0.0,0.0,0.0,0.5,0.35,0.3,0.0,0.4
1745479831.904918,2025-04-24 15:30:31.904924,0.0,0.0,0.0,neutral,0.0,0.0,0.0,0.5,0.35,0.3,0.0,0.4
1745479832.907969,2025-04-24 15:30:32.907976,0.0,0.0,0.0,neutral,0.0,0.0,0.0,0.5,0.35,0.3,0.0,0.4
1745479833.912872,2025-04-24 15:30:33.912880,0.0,0.0,0.0,neutral,0.0,0.0,0.0,0.5,0.35,0.3,0.0,0.4
1745479834.915928,2025-04-24 15:30:34.915935,0.0,0.0,0.0,neutral,0.0,0.0,0.0,0.5,0.35,0.3,0.0,0.4
1745479835.92168,2025-04-24 15:30:35.921693,0.0,0.0,0.0,neutral,0.0,0.0,0.0,0.5,0.35,0.3,0.0,0.4
1745479836.922712,2025-04-24 15:30:36.922719,0.0,0.0,0.0,neutral,0.0,0.0,0.0,0.5,0.35,0.3,0.0,0.4
1745479837.928571,2025-04-24 15:30:37.928583,0.0,0.0,0.0,neutral,0.0,0.0,0.0,0.5,0.35,0.3,0.0,0.4
1745479838.931486,2025-04-24 15:30:38.931493,0.0,0.0,0.0,neutral,0.0,0.0,0.0,0.5,0.35,0.3,0.0,0.4
1745479839.93728,2025-04-24 15:30:39.937289,0.0,0.0,0.0,neutral,0.0,0.0,0.0,0.5,0.35,0.3,0.0,0.4
1745479840.940112,2025-04-24 15:30:40.940118,0.0,0.0,0.0,neutral,0.0,0.0,0.0,0.5,0.35,0.3,0.0,0.4
1745479841.942018,2025-04-24 15:30:41.942024,0.0,0.0,0.0,neutral,0.0,0.0,0.0,0.5,0.35,0.3,0.0,0.4
1745479842.94784,2025-04-24 15:30:42.947848,0.0,0.0,0.0,neutral,0.0,0.0,0.0,0.5,0.35,0.3,0.0,0.4
1745479843.951984,2025-04-24 15:30:43.951994,0.0,0.0,0.0,neutral,0.0,0.0,0.0,0.5,0.35,0.3,0.0,0.4
1745479844.954069,2025-04-24 15:30:44.954076,0.0,0.0,0.0,neutral,0.0,0.0,0.0,0.5,0.35,0.3,0.0,0.4
1745479845.960065,2025-04-24 15:30:45.960072,0.0,0.0,0.0,neutral,0.0,0.0,0.0,0.5,0.35,0.3,0.0,0.4
1745479846.968761,2025-04-24 15:30:46.968774,0.0,0.0,0.0,neutral,0.0,0.0,0.0,0.5,0.35,0.3,0.0,0.4
1745479847.973938,2025-04-24 15:30:47.973944,0.0,0.0,0.0,neutral,0.0,0.0,0.0,0.5,0.35,0.3,0.0,0.4
1745479848.978226,2025-04-24 15:30:48.978233,0.0,0.0,0.0,neutral,0.0,0.0,0.0,0.5,0.35,0.3,0.0,0.4
1745479849.984542,2025-04-24 15:30:49.984548,0.0,0.0,0.0,neutral,0.0,0.0,0.0,0.5,0.35,0.3,0.0,0.4
1745479850.989859,2025-04-24 15:30:50.989866,0.0,0.0,0.0,neutral,0.0,0.0,0.0,0.5,0.35,0.3,0.0,0.4
1745479851.996304,2025-04-24 15:30:51.996310,0.0,0.0,0.0,neutral,0.0,0.0,0.0,0.5,0.35,0.3,0.0,0.4
1745479852.999915,2025-04-24 15:30:52.999922,0.0,0.0,0.0,neutral,0.0,0.0,0.0,0.5,0.35,0.3,0.0,0.4
1745479854.00553,2025-04-24 15:30:54.005536,0.0,0.0,0.0,neutral,0.0,0.0,0.0,0.5,0.35,0.3,0.0,0.4
1745479855.009382,2025-04-24 15:30:55.009388,0.0,0.0,0.0,neutral,0.0,0.0,0.0,0.5,0.35,0.3,0.0,0.4
1745479856.01338,2025-04-24 15:30:56.013387,0.0,0.0,0.0,neutral,0.0,0.0,0.0,0.5,0.35,0.3,0.0,0.4
1745479857.01796,2025-04-24 15:30:57.017968,0.0,0.0,0.0,neutral,0.0,0.0,0.0,0.5,0.35,0.3,0.0,0.4
1745479858.021332,2025-04-24 15:30:58.021358,0.0,0.0,0.0,neutral,0.0,0.0,0.0,0.5,0.35,0.3,0.0,0.4
1745479859.027014,2025-04-24 15:30:59.027022,0.0,0.0,0.0,neutral,0.0,0.0,0.0,0.5,0.35,0.3,0.0,0.4
1745479860.03122,2025-04-24 15:31:00.031226,0.0,0.0,0.0,neutral,0.0,0.0,0.0,0.5,0.35,0.3,0.0,0.4
1745479861.036948,2025-04-24 15:31:01.036955,0.0,0.0,0.0,neutral,0.0,0.0,0.0,0.5,0.35,0.3,0.0,0.4
1745479862.042647,2025-04-24 15:31:02.042656,0.0,0.0,0.0,neutral,0.0,0.0,0.0,0.5,0.35,0.3,0.0,0.4
1745479863.04881,2025-04-24 15:31:03.048819,0.0,0.0,0.0,neutral,0.0,0.0,0.0,0.5,0.35,0.3,0.0,0.4
1745479864.054506,2025-04-24 15:31:04.054512,0.0,0.0,0.0,neutral,0.0,0.0,0.0,0.5,0.35,0.3,0.0,0.4
1745479865.060254,2025-04-24 15:31:05.060261,0.0,0.0,0.0,neutral,0.0,0.0,0.0,0.5,0.35,0.3,0.0,0.4
1745479866.06475,2025-04-24 15:31:06.064757,0.0,0.0,0.0,neutral,0.0,0.0,0.0,0.5,0.35,0.3,0.0,0.4
1745479867.066177,2025-04-24 15:31:07.066184,0.0,0.0,0.0,neutral,0.0,0.0,0.0,0.5,0.35,0.3,0.0,0.4
1745479868.067223,2025-04-24 15:31:08.067230,0.0,0.0,0.0,neutral,0.0,0.0,0.0,0.5,0.35,0.3,0.0,0.4
1745479869.071148,2025-04-24 15:31:09.071164,0.0,0.0,0.0,neutral,0.0,0.0,0.0,0.5,0.35,0.3,0.0,0.4
1745479870.077845,2025-04-24 15:31:10.077851,0.0,0.0,0.0,neutral,0.0,0.0,0.0,0.5,0.35,0.3,0.0,0.4
1745479871.081265,2025-04-24 15:31:11.081272,0.0,0.0,0.0,neutral,0.0,0.0,0.0,0.5,0.35,0.3,0.0,0.4
1745479872.088151,2025-04-24 15:31:12.088157,0.0,0.0,0.0,neutral,0.0,0.0,0.0,0.5,0.35,0.3,0.0,0.4
1745479873.094374,2025-04-24 15:31:13.094380,0.0,0.0,0.0,neutral,0.0,0.0,0.0,0.5,0.35,0.3,0.0,0.4
1745479874.100604,2025-04-24 15:31:14.100611,0.0,0.0,0.0,neutral,0.0,0.0,0.0,0.5,0.35,0.3,0.0,0.4
1745479875.105815,2025-04-24 15:31:15.105825,0.0,0.0,0.0,neutral,0.0,0.0,0.0,0.5,0.35,0.3,0.0,0.4
1745479876.109237,2025-04-24 15:31:16.109244,0.0,0.0,0.0,neutral,0.0,0.0,0.0,0.5,0.35,0.3,0.0,0.4
1745479877.111176,2025-04-24 15:31:17.111185,0.0,0.0,0.0,neutral,0.0,0.0,0.0,0.5,0.35,0.3,0.0,0.4
1745479878.114188,2025-04-24 15:31:18.114196,0.0,0.0,0.0,neutral,0.0,0.0,0.0,0.5,0.35,0.3,0.0,0.4
1745479879.11678,2025-04-24 15:31:19.116787,0.0,0.0,0.0,neutral,0.0,0.0,0.0,0.5,0.35,0.3,0.0,0.4
1745479880.119839,2025-04-24 15:31:20.119845,0.0,0.0,0.0,neutral,0.0,0.0,0.0,0.5,0.35,0.3,0.0,0.4
1745479881.122373,2025-04-24 15:31:21.122379,0.0,0.0,0.0,neutral,0.0,0.0,0.0,0.5,0.35,0.3,0.0,0.4
1745479882.128134,2025-04-24 15:31:22.128144,0.0,0.0,0.0,neutral,0.0,0.0,0.0,0.5,0.35,0.3,0.0,0.4
1745479883.134406,2025-04-24 15:31:23.134421,0.0,0.0,0.0,neutral,0.0,0.0,0.0,0.5,0.35,0.3,0.0,0.4
1745479884.140177,2025-04-24 15:31:24.140183,0.0,0.0,0.0,neutral,0.0,0.0,0.0,0.5,0.35,0.3,0.0,0.4
1745479885.143076,2025-04-24 15:31:25.143084,0.0,0.0,0.0,neutral,0.0,0.0,0.0,0.5,0.35,0.3,0.0,0.4
1745479886.148814,2025-04-24 15:31:26.148820,0.0,0.0,0.0,neutral,0.0,0.0,0.0,0.5,0.35,0.3,0.0,0.4
1745479887.154585,2025-04-24 15:31:27.154597,0.0,0.0,0.0,neutral,0.0,0.0,0.0,0.5,0.35,0.3,0.0,0.4
1745479888.157773,2025-04-24 15:31:28.157779,0.0,0.0,0.0,neutral,0.0,0.0,0.0,0.5,0.35,0.3,0.0,0.4
1745479889.164002,2025-04-24 15:31:29.164007,0.0,0.0,0.0,neutral,0.0,0.0,0.0,0.5,0.35,0.3,0.0,0.4
1745479890.169802,2025-04-24 15:31:30.169809,0.0,0.0,0.0,neutral,0.0,0.0,0.0,0.5,0.35,0.3,0.0,0.4
1745479891.174841,2025-04-24 15:31:31.174846,0.0,0.0,0.0,neutral,0.0,0.0,0.0,0.5,0.35,0.3,0.0,0.4
1745479892.178,2025-04-24 15:31:32.178007,0.0,0.0,0.0,neutral,0.0,0.0,0.0,0.5,0.35,0.3,0.0,0.4
1745479893.179067,2025-04-24 15:31:33.179073,0.0,0.0,0.0,neutral,0.0,0.0,0.0,0.5,0.35,0.3,0.0,0.4
1745479894.180718,2025-04-24 15:31:34.180736,0.0,0.0,0.0,neutral,0.0,0.0,0.0,0.5,0.35,0.3,0.0,0.4
1745479895.182353,2025-04-24 15:31:35.182360,0.0,0.0,0.0,neutral,0.0,0.0,0.0,0.5,0.35,0.3,0.0,0.4
1745479896.188999,2025-04-24 15:31:36.189005,0.0,0.0,0.0,neutral,0.0,0.0,0.0,0.5,0.35,0.3,0.0,0.4
1745479897.195306,2025-04-24 15:31:37.195313,0.0,0.0,0.0,neutral,0.0,0.0,0.0,0.5,0.35,0.3,0.0,0.4
1745479898.200655,2025-04-24 15:31:38.200662,0.0,0.0,0.0,neutral,0.0,0.0,0.0,0.5,0.35,0.3,0.0,0.4
1745479899.203293,2025-04-24 15:31:39.203303,0.0,0.0,0.0,neutral,0.0,0.0,0.0,0.5,0.35,0.3,0.0,0.4
1745479900.209506,2025-04-24 15:31:40.209513,0.0,0.0,0.0,neutral,0.0,0.0,0.0,0.5,0.35,0.3,0.0,0.4
1745479901.21072,2025-04-24 15:31:41.210727,0.0,0.0,0.0,neutral,0.0,0.0,0.0,0.5,0.35,0.3,0.0,0.4
1745479902.213927,2025-04-24 15:31:42.213947,0.0,0.0,0.0,neutral,0.0,0.0,0.0,0.5,0.35,0.3,0.0,0.4
1745479903.216273,2025-04-24 15:31:43.216279,0.0,0.0,0.0,neutral,0.0,0.0,0.0,0.5,0.35,0.3,0.0,0.4
1745479904.221304,2025-04-24 15:31:44.221311,0.0,0.0,0.0,neutral,0.0,0.0,0.0,0.5,0.35,0.3,0.0,0.4
1745479905.227643,2025-04-24 15:31:45.227650,0.0,0.0,0.0,neutral,0.0,0.0,0.0,0.5,0.35,0.3,0.0,0.4
1745479906.233595,2025-04-24 15:31:46.233601,0.0,0.0,0.0,neutral,0.0,0.0,0.0,0.5,0.35,0.3,0.0,0.4
1745479907.23539,2025-04-24 15:31:47.235399,0.0,0.0,0.0,neutral,0.0,0.0,0.0,0.5,0.35,0.3,0.0,0.4
1745479908.236991,2025-04-24 15:31:48.236997,0.0,0.0,0.0,neutral,0.0,0.0,0.0,0.5,0.35,0.3,0.0,0.4
1745479909.239183,2025-04-24 15:31:49.239193,0.0,0.0,0.0,neutral,0.0,0.0,0.0,0.5,0.35,0.3,0.0,0.4
1745479910.241459,2025-04-24 15:31:50.241471,0.0,0.0,0.0,neutral,0.0,0.0,0.0,0.5,0.35,0.3,0.0,0.4
1745479911.247344,2025-04-24 15:31:51.247354,0.0,0.0,0.0,neutral,0.0,0.0,0.0,0.5,0.35,0.3,0.0,0.4
1745479912.249402,2025-04-24 15:31:52.249410,0.0,0.0,0.0,neutral,0.0,0.0,0.0,0.5,0.35,0.3,0.0,0.4
1745479913.255813,2025-04-24 15:31:53.255832,0.0,0.0,0.0,neutral,0.0,0.0,0.0,0.5,0.35,0.3,0.0,0.4
1745479914.259717,2025-04-24 15:31:54.259723,0.0,0.0,0.0,neutral,0.0,0.0,0.0,0.5,0.35,0.3,0.0,0.4
1745479915.265426,2025-04-24 15:31:55.265433,0.0,0.0,0.0,neutral,0.0,0.0,0.0,0.5,0.35,0.3,0.0,0.4
1745479916.269357,2025-04-24 15:31:56.269363,0.0,0.0,0.0,neutral,0.0,0.0,0.0,0.5,0.35,0.3,0.0,0.4
1745479917.275098,2025-04-24 15:31:57.275104,0.0,0.0,0.0,neutral,0.0,0.0,0.0,0.5,0.35,0.3,0.0,0.4
1745479918.277713,2025-04-24 15:31:58.277719,0.0,0.0,0.0,neutral,0.0,0.0,0.0,0.5,0.35,0.3,0.0,0.4
1745479919.283995,2025-04-24 15:31:59.284001,0.0,0.0,0.0,neutral,0.0,0.0,0.0,0.5,0.35,0.3,0.0,0.4
1745479920.288339,2025-04-24 15:32:00.288346,0.0,0.0,0.0,neutral,0.0,0.0,0.0,0.5,0.35,0.3,0.0,0.4
1745479921.294603,2025-04-24 15:32:01.294610,0.0,0.0,0.0,neutral,0.0,0.0,0.0,0.5,0.35,0.3,0.0,0.4
1745479922.296917,2025-04-24 15:32:02.296923,0.0,0.0,0.0,neutral,0.0,0.0,0.0,0.5,0.35,0.3,0.0,0.4
1745479923.299209,2025-04-24 15:32:03.299216,0.0,0.0,0.0,neutral,0.0,0.0,0.0,0.5,0.35,0.3,0.0,0.4
1745479924.305538,2025-04-24 15:32:04.305558,0.0,0.0,0.0,neutral,0.0,0.0,0.0,0.5,0.35,0.3,0.0,0.4
1745479925.311654,2025-04-24 15:32:05.311659,0.0,0.0,0.0,neutral,0.0,0.0,0.0,0.5,0.35,0.3,0.0,0.4
1745479926.317473,2025-04-24 15:32:06.317480,0.0,0.0,0.0,neutral,0.0,0.0,0.0,0.5,0.35,0.3,0.0,0.4
1745479927.32408,2025-04-24 15:32:07.324087,0.0,0.0,0.0,neutral,0.0,0.0,0.0,0.5,0.35,0.3,0.0,0.4
1745479928.327202,2025-04-24 15:32:08.327208,0.0,0.0,0.0,neutral,0.0,0.0,0.0,0.5,0.35,0.3,0.0,0.4
1745479929.333628,2025-04-24 15:32:09.333636,0.0,0.0,0.0,neutral,0.0,0.0,0.0,0.5,0.35,0.3,0.0,0.4
1745479930.335846,2025-04-24 15:32:10.335853,0.0,0.0,0.0,neutral,0.0,0.0,0.0,0.5,0.35,0.3,0.0,0.4
1745479931.338759,2025-04-24 15:32:11.338766,0.0,0.0,0.0,neutral,0.0,0.0,0.0,0.5,0.35,0.3,0.0,0.4
1745479932.345365,2025-04-24 15:32:12.345375,0.0,0.0,0.0,neutral,0.0,0.0,0.0,0.5,0.35,0.3,0.0,0.4
1745479933.350845,2025-04-24 15:32:13.350851,0.0,0.0,0.0,neutral,0.0,0.0,0.0,0.5,0.35,0.3,0.0,0.4
1745479934.357111,2025-04-24 15:32:14.357118,0.0,0.0,0.0,neutral,0.0,0.0,0.0,0.5,0.35,0.3,0.0,0.4
1745479935.361587,2025-04-24 15:32:15.361593,0.0,0.0,0.0,neutral,0.0,0.0,0.0,0.5,0.35,0.3,0.0,0.4
1745479936.367342,2025-04-24 15:32:16.367350,0.0,0.0,0.0,neutral,0.0,0.0,0.0,0.5,0.35,0.3,0.0,0.4
1745479937.373601,2025-04-24 15:32:17.373617,0.0,0.0,0.0,neutral,0.0,0.0,0.0,0.5,0.35,0.3,0.0,0.4
1745479938.37766,2025-04-24 15:32:18.377666,0.0,0.0,0.0,neutral,0.0,0.0,0.0,0.5,0.35,0.3,0.0,0.4
1745479939.383502,2025-04-24 15:32:19.383508,0.0,0.0,0.0,neutral,0.0,0.0,0.0,0.5,0.35,0.3,0.0,0.4
1745479940.388992,2025-04-24 15:32:20.388999,0.0,0.0,0.0,neutral,0.0,0.0,0.0,0.5,0.35,0.3,0.0,0.4
1745479941.394378,2025-04-24 15:32:21.394386,0.0,0.0,0.0,neutral,0.0,0.0,0.0,0.5,0.35,0.3,0.0,0.4
1745479942.400101,2025-04-24 15:32:22.400128,0.0,0.0,0.0,neutral,0.0,0.0,0.0,0.5,0.35,0.3,0.0,0.4
1745479943.405728,2025-04-24 15:32:23.405734,0.0,0.0,0.0,neutral,0.0,0.0,0.0,0.5,0.35,0.3,0.0,0.4
1745479944.407631,2025-04-24 15:32:24.407642,0.0,0.0,0.0,neutral,0.0,0.0,0.0,0.5,0.35,0.3,0.0,0.4
1745479945.41407,2025-04-24 15:32:25.414079,0.0,0.0,0.0,neutral,0.0,0.0,0.0,0.5,0.35,0.3,0.0,0.4
1745479946.420054,2025-04-24 15:32:26.420060,0.0,0.0,0.0,neutral,0.0,0.0,0.0,0.5,0.35,0.3,0.0,0.4
1745479947.426222,2025-04-24 15:32:27.426230,0.0,0.0,0.0,neutral,0.0,0.0,0.0,0.5,0.35,0.3,0.0,0.4
1745479948.432783,2025-04-24 15:32:28.432790,0.0,0.0,0.0,neutral,0.0,0.0,0.0,0.5,0.35,0.3,0.0,0.4
1745479949.435925,2025-04-24 15:32:29.435931,0.0,0.0,0.0,neutral,0.0,0.0,0.0,0.5,0.35,0.3,0.0,0.4
1745479950.441552,2025-04-24 15:32:30.441578,0.0,0.0,0.0,neutral,0.0,0.0,0.0,0.5,0.35,0.3,0.0,0.4
1745479951.448008,2025-04-24 15:32:31.448014,0.0,0.0,0.0,neutral,0.0,0.0,0.0,0.5,0.35,0.3,0.0,0.4
1745479952.453333,2025-04-24 15:32:32.453340,0.0,0.0,0.0,neutral,0.0,0.0,0.0,0.5,0.35,0.3,0.0,0.4
1745479953.465633,2025-04-24 15:32:33.465662,0.0,0.0,0.0,neutral,0.0,0.0,0.0,0.5,0.35,0.3,0.0,0.4
1745479954.475288,2025-04-24 15:32:34.475295,0.0,0.0,0.0,neutral,0.0,0.0,0.0,0.5,0.35,0.3,0.0,0.4
1745479955.477356,2025-04-24 15:32:35.477362,0.0,0.0,0.0,neutral,0.0,0.0,0.0,0.5,0.35,0.3,0.0,0.4
1745479956.479845,2025-04-24 15:32:36.479852,0.0,0.0,0.0,neutral,0.0,0.0,0.0,0.5,0.35,0.3,0.0,0.4
1745479957.482708,2025-04-24 15:32:37.482714,0.0,0.0,0.0,neutral,0.0,0.0,0.0,0.5,0.35,0.3,0.0,0.4
1745479958.488926,2025-04-24 15:32:38.488958,0.0,0.0,0.0,neutral,0.0,0.0,0.0,0.5,0.35,0.3,0.0,0.4
1745479959.495381,2025-04-24 15:32:39.495387,0.0,0.0,0.0,neutral,0.0,0.0,0.0,0.5,0.35,0.3,0.0,0.4
1745479960.501105,2025-04-24 15:32:40.501111,0.0,0.0,0.0,neutral,0.0,0.0,0.0,0.5,0.35,0.3,0.0,0.4
1745479961.507301,2025-04-24 15:32:41.507323,0.0,0.0,0.0,neutral,0.0,0.0,0.0,0.5,0.35,0.3,0.0,0.4
1745479962.510672,2025-04-24 15:32:42.510678,0.0,0.0,0.0,neutral,0.0,0.0,0.0,0.5,0.35,0.3,0.0,0.4
1745479963.51458,2025-04-24 15:32:43.514586,0.0,0.0,0.0,neutral,0.0,0.0,0.0,0.5,0.35,0.3,0.0,0.4
1745479964.518847,2025-04-24 15:32:44.518855,0.0,0.0,0.0,neutral,0.0,0.0,0.0,0.5,0.35,0.3,0.0,0.4
1745479965.524549,2025-04-24 15:32:45.524556,0.0,0.0,0.0,neutral,0.0,0.0,0.0,0.5,0.35,0.3,0.0,0.4
1745479966.529073,2025-04-24 15:32:46.529079,0.0,0.0,0.0,neutral,0.0,0.0,0.0,0.5,0.35,0.3,0.0,0.4
1745479967.531671,2025-04-24 15:32:47.531677,0.0,0.0,0.0,neutral,0.0,0.0,0.0,0.5,0.35,0.3,0.0,0.4
1745479968.537306,2025-04-24 15:32:48.537313,0.0,0.0,0.0,neutral,0.0,0.0,0.0,0.5,0.35,0.3,0.0,0.4
1745479969.5436,2025-04-24 15:32:49.543619,0.0,0.0,0.0,neutral,0.0,0.0,0.0,0.5,0.35,0.3,0.0,0.4
1745479970.545789,2025-04-24 15:32:50.545797,0.0,0.0,0.0,neutral,0.0,0.0,0.0,0.5,0.35,0.3,0.0,0.4
1745479971.55161,2025-04-24 15:32:51.551618,0.0,0.0,0.0,neutral,0.0,0.0,0.0,0.5,0.35,0.3,0.0,0.4
1745479972.553798,2025-04-24 15:32:52.553815,0.0,0.0,0.0,neutral,0.0,0.0,0.0,0.5,0.35,0.3,0.0,0.4
1745479973.555745,2025-04-24 15:32:53.555751,0.0,0.0,0.0,neutral,0.0,0.0,0.0,0.5,0.35,0.3,0.0,0.4
1745479974.557418,2025-04-24 15:32:54.557427,0.0,0.0,0.0,neutral,0.0,0.0,0.0,0.5,0.35,0.3,0.0,0.4
1745479975.563642,2025-04-24 15:32:55.563649,0.0,0.0,0.0,neutral,0.0,0.0,0.0,0.5,0.35,0.3,0.0,0.4
1745479976.566633,2025-04-24 15:32:56.566639,0.0,0.0,0.0,neutral,0.0,0.0,0.0,0.5,0.35,0.3,0.0,0.4
1745479977.573026,2025-04-24 15:32:57.573040,0.0,0.0,0.0,neutral,0.0,0.0,0.0,0.5,0.35,0.3,0.0,0.4
1745479978.574713,2025-04-24 15:32:58.574719,0.0,0.0,0.0,neutral,0.0,0.0,0.0,0.5,0.35,0.3,0.0,0.4
1745479979.576485,2025-04-24 15:32:59.576492,0.0,0.0,0.0,neutral,0.0,0.0,0.0,0.5,0.35,0.3,0.0,0.4
1745479980.579571,2025-04-24 15:33:00.579578,0.0,0.0,0.0,neutral,0.0,0.0,0.0,0.5,0.35,0.3,0.0,0.4
1745479981.585309,2025-04-24 15:33:01.585315,0.0,0.0,0.0,neutral,0.0,0.0,0.0,0.5,0.35,0.3,0.0,0.4
1745479982.591652,2025-04-24 15:33:02.591659,0.0,0.0,0.0,neutral,0.0,0.0,0.0,0.5,0.35,0.3,0.0,0.4
1745479983.597861,2025-04-24 15:33:03.597868,0.0,0.0,0.0,neutral,0.0,0.0,0.0,0.5,0.35,0.3,0.0,0.4
1745479984.602356,2025-04-24 15:33:04.602362,0.0,0.0,0.0,neutral,0.0,0.0,0.0,0.5,0.35,0.3,0.0,0.4
1745479985.607569,2025-04-24 15:33:05.607591,0.0,0.0,0.0,neutral,0.0,0.0,0.0,0.5,0.35,0.3,0.0,0.4
1745479986.609253,2025-04-24 15:33:06.609259,0.0,0.0,0.0,neutral,0.0,0.0,0.0,0.5,0.35,0.3,0.0,0.4
1745479987.612312,2025-04-24 15:33:07.612319,0.0,0.0,0.0,neutral,0.0,0.0,0.0,0.5,0.35,0.3,0.0,0.4
1745479988.622968,2025-04-24 15:33:08.622982,0.0,0.0,0.0,neutral,0.0,0.0,0.0,0.5,0.35,0.3,0.0,0.4
1745479989.631983,2025-04-24 15:33:09.631989,0.0,0.0,0.0,neutral,0.0,0.0,0.0,0.5,0.35,0.3,0.0,0.4
1745479990.636821,2025-04-24 15:33:10.636829,0.0,0.0,0.0,neutral,0.0,0.0,0.0,0.5,0.35,0.3,0.0,0.4
1745479991.641209,2025-04-24 15:33:11.641216,0.0,0.0,0.0,neutral,0.0,0.0,0.0,0.5,0.35,0.3,0.0,0.4
1745479992.642359,2025-04-24 15:33:12.642366,0.0,0.0,0.0,neutral,0.0,0.0,0.0,0.5,0.35,0.3,0.0,0.4
1745479993.646459,2025-04-24 15:33:13.646481,0.0,0.0,0.0,neutral,0.0,0.0,0.0,0.5,0.35,0.3,0.0,0.4
1745479994.653264,2025-04-24 15:33:14.653270,0.0,0.0,0.0,neutral,0.0,0.0,0.0,0.5,0.35,0.3,0.0,0.4
1745479995.655779,2025-04-24 15:33:15.655786,0.0,0.0,0.0,neutral,0.0,0.0,0.0,0.5,0.35,0.3,0.0,0.4
1745479996.660584,2025-04-24 15:33:16.660598,0.0,0.0,0.0,neutral,0.0,0.0,0.0,0.5,0.35,0.3,0.0,0.4
1745479997.663141,2025-04-24 15:33:17.663149,0.0,0.0,0.0,neutral,0.0,0.0,0.0,0.5,0.35,0.3,0.0,0.4
1745479998.665701,2025-04-24 15:33:18.665708,0.0,0.0,0.0,neutral,0.0,0.0,0.0,0.5,0.35,0.3,0.0,0.4
1745479999.669926,2025-04-24 15:33:19.669933,0.0,0.0,0.0,neutral,0.0,0.0,0.0,0.5,0.35,0.3,0.0,0.4
1745480000.675637,2025-04-24 15:33:20.675647,0.0,0.0,0.0,neutral,0.0,0.0,0.0,0.5,0.35,0.3,0.0,0.4
1745480001.681937,2025-04-24 15:33:21.681962,0.0,0.0,0.0,neutral,0.0,0.0,0.0,0.5,0.35,0.3,0.0,0.4
1745480002.68715,2025-04-24 15:33:22.687156,0.0,0.0,0.0,neutral,0.0,0.0,0.0,0.5,0.35,0.3,0.0,0.4
1745480003.69068,2025-04-24 15:33:23.690689,0.0,0.0,0.0,neutral,0.0,0.0,0.0,0.5,0.35,0.3,0.0,0.4
1745480004.695924,2025-04-24 15:33:24.695936,0.0,0.0,0.0,neutral,0.0,0.0,0.0,0.5,0.35,0.3,0.0,0.4
1745480005.697367,2025-04-24 15:33:25.697377,0.0,0.0,0.0,neutral,0.0,0.0,0.0,0.5,0.35,0.3,0.0,0.4
1745480006.702418,2025-04-24 15:33:26.702426,0.0,0.0,0.0,neutral,0.0,0.0,0.0,0.5,0.35,0.3,0.0,0.4
1745480007.709477,2025-04-24 15:33:27.709484,0.0,0.0,0.0,neutral,0.0,0.0,0.0,0.5,0.35,0.3,0.0,0.4
1745480008.714895,2025-04-24 15:33:28.714901,0.0,0.0,0.0,neutral,0.0,0.0,0.0,0.5,0.35,0.3,0.0,0.4
1745480009.721077,2025-04-24 15:33:29.721086,0.0,0.0,0.0,neutral,0.0,0.0,0.0,0.5,0.35,0.3,0.0,0.4
1745480010.722872,2025-04-24 15:33:30.722880,0.0,0.0,0.0,neutral,0.0,0.0,0.0,0.5,0.35,0.3,0.0,0.4
1745480011.727694,2025-04-24 15:33:31.727707,0.0,0.0,0.0,neutral,0.0,0.0,0.0,0.5,0.35,0.3,0.0,0.4
1745480012.734129,2025-04-24 15:33:32.734145,0.0,0.0,0.0,neutral,0.0,0.0,0.0,0.5,0.35,0.3,0.0,0.4
1745480013.739594,2025-04-24 15:33:33.739602,0.0,0.0,0.0,neutral,0.0,0.0,0.0,0.5,0.35,0.3,0.0,0.4
1745480014.741769,2025-04-24 15:33:34.741775,0.0,0.0,0.0,neutral,0.0,0.0,0.0,0.5,0.35,0.3,0.0,0.4
1745480015.74401,2025-04-24 15:33:35.744016,0.0,0.0,0.0,neutral,0.0,0.0,0.0,0.5,0.35,0.3,0.0,0.4
1745480016.749999,2025-04-24 15:33:36.750005,0.0,0.0,0.0,neutral,0.0,0.0,0.0,0.5,0.35,0.3,0.0,0.4
1745480017.755134,2025-04-24 15:33:37.755140,0.0,0.0,0.0,neutral,0.0,0.0,0.0,0.5,0.35,0.3,0.0,0.4
1745480018.758548,2025-04-24 15:33:38.758555,0.0,0.0,0.0,neutral,0.0,0.0,0.0,0.5,0.35,0.3,0.0,0.4
1745480019.762999,2025-04-24 15:33:39.763005,0.0,0.0,0.0,neutral,0.0,0.0,0.0,0.5,0.35,0.3,0.0,0.4
1745480020.856398,2025-04-24 15:33:40.856415,0.0,0.0,0.0,neutral,0.0,0.0,0.0,0.5,0.35,0.3,0.0,0.4
1745480021.859554,2025-04-24 15:33:41.859565,0.0,0.0,0.0,neutral,0.0,0.0,0.0,0.5,0.35,0.3,0.0,0.4
1745480022.865451,2025-04-24 15:33:42.865457,0.0,0.0,0.0,neutral,0.0,0.0,0.0,0.5,0.35,0.3,0.0,0.4
1745480023.866978,2025-04-24 15:33:43.866984,0.0,0.0,0.0,neutral,0.0,0.0,0.0,0.5,0.35,0.3,0.0,0.4
1745480024.868252,2025-04-24 15:33:44.868261,0.0,0.0,0.0,neutral,0.0,0.0,0.0,0.5,0.35,0.3,0.0,0.4
1745480025.871225,2025-04-24 15:33:45.871232,0.0,0.0,0.0,neutral,0.0,0.0,0.0,0.5,0.35,0.3,0.0,0.4
1745480026.875811,2025-04-24 15:33:46.875818,0.0,0.0,0.0,neutral,0.0,0.0,0.0,0.5,0.35,0.3,0.0,0.4
1745480027.881568,2025-04-24 15:33:47.881575,0.0,0.0,0.0,neutral,0.0,0.0,0.0,0.5,0.35,0.3,0.0,0.4
1745480028.884621,2025-04-24 15:33:48.884637,0.0,0.0,0.0,neutral,0.0,0.0,0.0,0.5,0.35,0.3,0.0,0.4
1745480029.891819,2025-04-24 15:33:49.891826,0.0,0.0,0.0,neutral,0.0,0.0,0.0,0.5,0.35,0.3,0.0,0.4
1745480030.893081,2025-04-24 15:33:50.893088,0.0,0.0,0.0,neutral,0.0,0.0,0.0,0.5,0.35,0.3,0.0,0.4
1745480031.898841,2025-04-24 15:33:51.898848,0.0,0.0,0.0,neutral,0.0,0.0,0.0,0.5,0.35,0.3,0.0,0.4
1745480032.903773,2025-04-24 15:33:52.903780,0.0,0.0,0.0,neutral,0.0,0.0,0.0,0.5,0.35,0.3,0.0,0.4
1745480033.910178,2025-04-24 15:33:53.910185,0.0,0.0,0.0,neutral,0.0,0.0,0.0,0.5,0.35,0.3,0.0,0.4
1745480034.916518,2025-04-24 15:33:54.916524,0.0,0.0,0.0,neutral,0.0,0.0,0.0,0.5,0.35,0.3,0.0,0.4
1745480035.920832,2025-04-24 15:33:55.920841,0.0,0.0,0.0,neutral,0.0,0.0,0.0,0.5,0.35,0.3,0.0,0.4
1745480036.926827,2025-04-24 15:33:56.926844,0.0,0.0,0.0,neutral,0.0,0.0,0.0,0.5,0.35,0.3,0.0,0.4
1745480037.931496,2025-04-24 15:33:57.931503,0.0,0.0,0.0,neutral,0.0,0.0,0.0,0.5,0.35,0.3,0.0,0.4
1745480038.9374,2025-04-24 15:33:58.937409,0.0,0.0,0.0,neutral,0.0,0.0,0.0,0.5,0.35,0.3,0.0,0.4
1745480039.946237,2025-04-24 15:33:59.946244,0.0,0.0,0.0,neutral,0.0,0.0,0.0,0.5,0.35,0.3,0.0,0.4
1745480040.948246,2025-04-24 15:34:00.948252,0.0,0.0,0.0,neutral,0.0,0.0,0.0,0.5,0.35,0.3,0.0,0.4
1745480041.954528,2025-04-24 15:34:01.954535,0.0,0.0,0.0,neutral,0.0,0.0,0.0,0.5,0.35,0.3,0.0,0.4
1745480042.959055,2025-04-24 15:34:02.959069,0.0,0.0,0.0,neutral,0.0,0.0,0.0,0.5,0.35,0.3,0.0,0.4
1745480043.964537,2025-04-24 15:34:03.964544,0.0,0.0,0.0,neutral,0.0,0.0,0.0,0.5,0.35,0.3,0.0,0.4
1745480044.966244,2025-04-24 15:34:04.966262,0.0,0.0,0.0,neutral,0.0,0.0,0.0,0.5,0.35,0.3,0.0,0.4
1745480045.969859,2025-04-24 15:34:05.969867,0.0,0.0,0.0,neutral,0.0,0.0,0.0,0.5,0.35,0.3,0.0,0.4
1745480046.972751,2025-04-24 15:34:06.972760,0.0,0.0,0.0,neutral,0.0,0.0,0.0,0.5,0.35,0.3,0.0,0.4
1745480047.984894,2025-04-24 15:34:07.984916,0.0,0.0,0.0,neutral,0.0,0.0,0.0,0.5,0.35,0.3,0.0,0.4
1745480048.99365,2025-04-24 15:34:08.993657,0.0,0.0,0.0,neutral,0.0,0.0,0.0,0.5,0.35,0.3,0.0,0.4
1745480049.99958,2025-04-24 15:34:09.999590,0.0,0.0,0.0,neutral,0.0,0.0,0.0,0.5,0.35,0.3,0.0,0.4
1745480051.003191,2025-04-24 15:34:11.003197,0.0,0.0,0.0,neutral,0.0,0.0,0.0,0.5,0.35,0.3,0.0,0.4
1745480052.007565,2025-04-24 15:34:12.007572,0.0,0.0,0.0,neutral,0.0,0.0,0.0,0.5,0.35,0.3,0.0,0.4
1745480053.013894,2025-04-24 15:34:13.013917,0.0,0.0,0.0,neutral,0.0,0.0,0.0,0.5,0.35,0.3,0.0,0.4
1745480054.016914,2025-04-24 15:34:14.016921,0.0,0.0,0.0,neutral,0.0,0.0,0.0,0.5,0.35,0.3,0.0,0.4
1745480055.018951,2025-04-24 15:34:15.018958,0.0,0.0,0.0,neutral,0.0,0.0,0.0,0.5,0.35,0.3,0.0,0.4
1745480056.025243,2025-04-24 15:34:16.025258,0.0,0.0,0.0,neutral,0.0,0.0,0.0,0.5,0.35,0.3,0.0,0.4
1745480057.031838,2025-04-24 15:34:17.031843,0.0,0.0,0.0,neutral,0.0,0.0,0.0,0.5,0.35,0.3,0.0,0.4
1745480058.033882,2025-04-24 15:34:18.033889,0.0,0.0,0.0,neutral,0.0,0.0,0.0,0.5,0.35,0.3,0.0,0.4
1745480059.040372,2025-04-24 15:34:19.040378,0.0,0.0,0.0,neutral,0.0,0.0,0.0,0.5,0.35,0.3,0.0,0.4
1745480060.043723,2025-04-24 15:34:20.043730,0.0,0.0,0.0,neutral,0.0,0.0,0.0,0.5,0.35,0.3,0.0,0.4
1745480061.045523,2025-04-24 15:34:21.045544,0.0,0.0,0.0,neutral,0.0,0.0,0.0,0.5,0.35,0.3,0.0,0.4
1745480062.051866,2025-04-24 15:34:22.051879,0.0,0.0,0.0,neutral,0.0,0.0,0.0,0.5,0.35,0.3,0.0,0.4
1745480063.054267,2025-04-24 15:34:23.054276,0.0,0.0,0.0,neutral,0.0,0.0,0.0,0.5,0.35,0.3,0.0,0.4
1745480064.059866,2025-04-24 15:34:24.059888,0.0,0.0,0.0,neutral,0.0,0.0,0.0,0.5,0.35,0.3,0.0,0.4
1745480065.06572,2025-04-24 15:34:25.065727,0.0,0.0,0.0,neutral,0.0,0.0,0.0,0.5,0.35,0.3,0.0,0.4
1745480066.070036,2025-04-24 15:34:26.070048,0.0,0.0,0.0,neutral,0.0,0.0,0.0,0.5,0.35,0.3,0.0,0.4
1745480067.074533,2025-04-24 15:34:27.074541,0.0,0.0,0.0,neutral,0.0,0.0,0.0,0.5,0.35,0.3,0.0,0.4
1745480068.076877,2025-04-24 15:34:28.076886,0.0,0.0,0.0,neutral,0.0,0.0,0.0,0.5,0.35,0.3,0.0,0.4
1745480069.083221,2025-04-24 15:34:29.083239,0.0,0.0,0.0,neutral,0.0,0.0,0.0,0.5,0.35,0.3,0.0,0.4
1745480070.089455,2025-04-24 15:34:30.089461,0.0,0.0,0.0,neutral,0.0,0.0,0.0,0.5,0.35,0.3,0.0,0.4
1745480071.093317,2025-04-24 15:34:31.093324,0.0,0.0,0.0,neutral,0.0,0.0,0.0,0.5,0.35,0.3,0.0,0.4
1745480072.100068,2025-04-24 15:34:32.100101,0.0,0.0,0.0,neutral,0.0,0.0,0.0,0.5,0.35,0.3,0.0,0.4
1745480073.105022,2025-04-24 15:34:33.105029,0.0,0.0,0.0,neutral,0.0,0.0,0.0,0.5,0.35,0.3,0.0,0.4
1745480074.110539,2025-04-24 15:34:34.110547,0.0,0.0,0.0,neutral,0.0,0.0,0.0,0.5,0.35,0.3,0.0,0.4
1745480075.112649,2025-04-24 15:34:35.112659,0.0,0.0,0.0,neutral,0.0,0.0,0.0,0.5,0.35,0.3,0.0,0.4
1745480076.116677,2025-04-24 15:34:36.116683,0.0,0.0,0.0,neutral,0.0,0.0,0.0,0.5,0.35,0.3,0.0,0.4
1745480077.118249,2025-04-24 15:34:37.118267,0.0,0.0,0.0,neutral,0.0,0.0,0.0,0.5,0.35,0.3,0.0,0.4
1745480078.12474,2025-04-24 15:34:38.124747,0.0,0.0,0.0,neutral,0.0,0.0,0.0,0.5,0.35,0.3,0.0,0.4
1745480079.127997,2025-04-24 15:34:39.128005,0.0,0.0,0.0,neutral,0.0,0.0,0.0,0.5,0.35,0.3,0.0,0.4
1745480080.134706,2025-04-24 15:34:40.134724,0.0,0.0,0.0,neutral,0.0,0.0,0.0,0.5,0.35,0.3,0.0,0.4
1745480081.137844,2025-04-24 15:34:41.137851,0.0,0.0,0.0,neutral,0.0,0.0,0.0,0.5,0.35,0.3,0.0,0.4
1745480082.143606,2025-04-24 15:34:42.143613,0.0,0.0,0.0,neutral,0.0,0.0,0.0,0.5,0.35,0.3,0.0,0.4
1745480083.148218,2025-04-24 15:34:43.148224,0.0,0.0,0.0,neutral,0.0,0.0,0.0,0.5,0.35,0.3,0.0,0.4
